clip,chapter,speaker_jp,japanese,chinese,sec
ner0001,1,ねり,旅行、行こうよ！,去旅行嘛！,1.725
ner0002,2,ねり,お兄ちゃんいまパンツ見たでしょ！,哥哥刚才是不是在看我的内裤！,2.114
ner0003,2,ねり,んもー、エッチねえ。,讨厌～，大色狼。,2.418
ner0004,2,ねり,なんですってえ！,你说什么！,1.525
ner0005,2,ねり,ふわっと！,啊呀！,0.801
ner0006,2,ねり,ふぇあ、あ、あああ……ありがとうお兄ちゃん。,唔啊，啊，谢……谢谢哥哥。,6.234
ner0007,2,ねり,うー、だって猫ちゃん怖がってたんだもん。,呜~，谁叫小猫那么害怕。,4.42
ner0008,2,ねり,ひゃんっ。,呀。,0.659
ner0009,2,ねり,猫ちゃんなんだからしょうがないよ。,小猫又不会道谢，没办法的啦。,2.696
ner0010,2,ねり,"そんなこと言わない。
放っておけないでしょ。","别这么说呀。
这种事情怎么能放任不管呢。",3.54
ner0011,2,？？？,……。,……,1.251
ner0012,2,？？？,……探して。,……去寻找吧。,1.185
ner0013,2,？？？,……探して。,……找出来吧。,0.942
ner0014,2,？？？,心臓の中に……私が隠してある。探して。,我就藏在……心脏之中。找出来吧。,6.099
ner0015,2,？？？,翼の下を……。,就在翅膀之下……,1.375
ner0016,3,女の子,……探して。,……去寻找。,1.399
ner0017,3,女の子,心臓の中に……私が隠してある。探して。,我就藏在……心脏之中。找出来吧。,5.734
ner0018,3,女の子,翼の下を……。,就在翅膀之下……,1.326
ner0019,4,ねり,心臓の中に……私が隠してある。探して。,我就藏在……心脏里面。去寻找。,6.132
ner0020,4,ねり,翼の下を……。,就在翅膀之下……,1.715
ner0021,5,ねり,……お兄ちゃん。,……哥哥。,1.269
ner0022,5,ねり,お兄ちゃん、起きて。,哥哥，快起来。,2.591
ner0023,5,ねり,お兄ちゃん。,哥哥。,1.546
ner0024,5,ねり,起きて！,快起来！,1.164
ner0025,6,ねり,ちゃんと可愛く描いてよね。,要画得可爱一点哦。,2.546
ner0026,6,ねり,"んふふっ、お兄ちゃん、美大の人とは聞いてたけど、
こんなに絵が上手とは思わなかった。","嘿嘿，哥哥，我听说你是艺校的人，
却没想到你画画画得这么好。",8.323
ner0027,6,ねり,お兄ちゃん今日ご飯どうする？,哥哥今天吃什么？,2.994
ner0028,6,ねり,"またカップラーメンのつもりでしょ。
うちに来なよ、お母さんが栄養あるもの作ってくれるって。","你肯定又要吃泡面。
来我家吧，妈妈说会做很有营养的饭菜的。",7.944
ner0029,6,ねり,"ンもうお兄ちゃんは、あたしがいないと
ダメなんだから。","真是的，哥哥，
要是没我你该怎么办啊。",5.118
ner0030,6,ねり,"ほら、平気だから下りてきて。
あたしが受けとめてあげるから。","不怕，我会接住你的，
快下来吧。",6.008
ner0031,6,ねり,"お兄ちゃんもっと背伸びして。
もうちょっとで届くの。","哥哥把背挺得再直一些。
马上就碰到了。",4.578
ner0032,6,ねり,あとちょっとがんばれ。,再稍微加把劲。,2.395
ner0033,6,ねり,"にゃっ！
こら上見るなっつに。","呀！
喂，不要看上面啊。",2.81
ner0034,6,ねり,お兄ちゃんいまパンツ見てたでしょ！,哥哥刚刚看到内裤了吧！,2.357
ner0035,6,ねり,あ……。,啊……,1.178
ner0036,6,ねり,えへへ、来ちゃった。,哎嘿嘿，我来了。,2.809
ner0037,6,ねり,だって、お兄ちゃんが帰ってくるの遅いから。,因为，哥哥你回来得好晚啊。,3.924
ner0038,6,ねり,うん……はああ……さむい。,嗯……哈啊啊……好冷。,5.354
ner0039,6,ねり,あ、でもその前に、ほらお兄ちゃん。,啊，但是，在那之前，你看，哥哥。,4.081
ner0040,6,ねり,"ケーキ買ってきたの。今日クリスマスでしょ。
学校で、美味しいって評判だったとこ。","我买了蛋糕。今天是圣诞节吧。
学校里大家都说这个好吃。",6.705
ner0041,6,ねり,お礼、ほら、似顔絵描いてくれたお礼……と。,这是谢礼，就是，你为我画肖像画的谢礼……,5.699
ner0042,6,ねり,メリークリスマス。,圣诞快乐。,1.374
ner0043,6,ねり,うん。,嗯。,0.377
ner0044,6,ねり,"き、来てよかった……よね？
お仕事？
ってことはお兄ちゃん、今日一緒するカノジョとか……。","我、我过来……没事吧？
哥哥今天去做工作了吧？
那也就是说，和你一起过圣诞的女朋友……",10.304
ner0045,6,ねり,うんっ。,嗯。,0.605
ner0046,7,ねり,だからあ、すっごい運がいいよねって話。,所以说，我说你运气真的很好。,4.257
ner0047,7,ねり,お兄ちゃん。,哥哥你。,1.058
ner0048,7,ねり,"こぉんな美少女とお知り合いになれてる時点で
自覚しなさいよ。","能和我这样的美少女相识就该觉得运气好了吧，
有点自知之明啊。",5.193
ner0049,7,ねり,"ましてやそんな美少女が、お休みの日に
こうして遊びに来てあげてるんだよ？",更何况这样的美少女在休息日还会来找你玩喔？,5.939
ner0050,7,ねり,わーい。,哇。,0.935
ner0051,7,ねり,"んぐんぐ……ほれでね、おばあちゃんちの近くに
機関車の博物館があってね。","嗯咕嗯咕……然后啊，
奶奶家附近有个机车的博物馆。",9.614
ner0052,7,ねり,うんそれ。蒸気機関車。,嗯，就是那个。蒸汽机车。,2.423
ner0053,7,ねり,"あたしちょいちょい見に行くのよ。
おばあちゃんち、行くのは好きだけど何もなくて
すんごいヒマだから。","我时常会过去看看。
虽然我很喜欢去奶奶家，但是那边什么都没有，
所以每次都很无聊。",7.796
ner0054,7,ねり,それにＳＬって、こう、カッコいいでしょ。,而且，SL不是特别帅气么。,4.55
ner0055,7,ねり,"いい感じじゃん。
なんていうか……西部劇！　って感じ。","多好哇。
怎么说呢……有种西部剧的感觉！",4.852
ner0056,7,ねり,屋根の上でガンマンが決闘してそう。,恶汉在屋顶上决斗。,2.952
ner0057,7,ねり,車のタイムマシン後ろから押してそう。,汽车一样的时光机器从后面压上来。,3.174
ner0058,7,ねり,で、１回でいいから乗りたいなーって思ってたの。,我真的想坐坐看。哪怕一次也好。,4.297
ner0059,7,ねり,"そうなのよ。なんか騒音がどうのススがどうので、
人里離れたところにしか通ってないそうなんだけど。","就是啊。说什么噪声说什么嘶嘶的声音怎么样，
说是只会经过人烟稀少的地方。。",8.604
ner0060,7,ねり,"なんと！
今年の夏にね、そういう汽車のツアーがあるらしいの！","震惊！
今年的夏天，我听说似乎有一场那样的火车之旅！",4.794
ner0061,7,ねり,"二人一組からのお申込みで、
定員オーバーしたらクジで抽選。","两人一组进行申请，
说是超过规定人数的话就抽签选择。",4.836
ner0062,7,ねり,"今度申し込む予定なんだ。
楽しみ～、あたるといいなあ。","这次我想申请。好期待～，
如果能抽到就好了啊。",5.535
ner0063,7,ねり,お兄ちゃんも楽しみでしょ。,哥哥也很期待吧。,2.306
ner0064,7,ねり,？,？,0.329
ner0065,7,ねり,ド直球に言ってるよ。,我说得非常直接啊。,1.581
ner0066,7,ねり,お母さんは無理。お盆のころは町内会が忙しいんだって。,妈妈去不了。盂兰盆会的时候，居委会好像很忙。,4.867
ner0067,7,ねり,で、お母さんもお兄ちゃんに連れてってもらえって。,然后，妈妈也让我带上哥哥一起去。,4.274
ner0068,7,ねり,ね、ね、いいでしょ。旅行いこう旅行。,哥哥，一起去吧。我们去旅行吧，去旅行喔。,4.874
ner0069,7,ねり,それとも？　ねりひとりで行っちゃっていいのかなぁ。,还是说？　你真的忍心让音理一个人去么。,4.985
ner0070,7,ねり,"ねりみたいな可愛い子が一人旅なんてしてたら、
そりゃあもう男はほっとかないよ？
ナンパされ放題だよぉ？","如果像音理这样可爱的人独自去旅行的话，
男生们肯定不会善罢甘休哦？
肯定会和我搭讪的哦？",8.311
ner0071,7,ねり,んふふふお兄ちゃんは気になるんじゃない？,哈哈哈，哥哥应该会很在意吧？,3.769
ner0072,7,ねり,"ねーねー一人旅だよ？　危険だよ？
ねりのナイトになってよー。","我说啊，我可是要一个人去参加旅行哦？　很危险哦？
来当音理的白马骑士啊<dash=2>。",6.897
ner0073,7,ねり,でしょ？,是吧？,0.64
ner0074,7,ねり,えー？,哎？,1.98
ner0075,7,ねり,むー。,呣<dash=2>。,1.913
ner0076,7,ねり,まあお仕事なら仕方ないけど。,不过，如果有工作的话，那也没办法了。,3.939
ner0077,7,ねり,でもせっかくお兄ちゃんと……うー。,但是难得可以和哥哥……唔<dash=2>。,5.051
ner0078,7,ねり,ほんとっ？,真的吗？,0.58
ner0079,7,ねり,うん。,嗯。,0.542
ner0080,7,ねり,……えへ、お仕事、忙しいんだよね。,……嘿嘿，你工作很忙吧。,3.642
ner0081,7,ねり,"ねー、だからねりの言うとおり
続けててよかったでしょ。","我说啊，
像音理所说的那样继续了下去是件好事吧。",4.126
ner0082,7,ねり,"引っ越してきたばっかりのころは
何もしたくないとかなんとか。","刚搬过来的时候，
还说什么都不想做的。",4.915
ner0083,7,ねり,"ねりのおかげでいま忙しいんだから、
今度はねりのためにお休みくらい取ってよ。","多亏了音理，你现在很忙碌，
所以说这次就为了音理休息休息吧。",6.255
ner0084,7,ねり,うんっ。,嗯。,0.449
ner0085,7,ねり,……。,……,3.184
ner0086,7,ねり,えへへ、だからお兄ちゃん好き。,哎嘿嘿，所以我喜欢哥哥啊。,3.786
ner0087,7,ねり,"じゃっ、夕方また来るねお兄ちゃん。
焼きうどんごちそうさま～！","那么，傍晚我再来哦，哥哥。
谢谢你的炒乌冬～！",5.614
ner0088,7,ねり,ンもう、お兄ちゃんはエッチなんだから。,真是的，哥哥真色。,3.375
ner0089,7,ねり,でもよかったね、猫ちゃん、木から下りられて。,不过小猫从树上下来了，真是太好了。,3.345
ner0090,7,ねり,"えへへ、お礼はともかく、
抱っこくらいはさせてほしかったかな。","哎嘿嘿，先不说谢礼，
真希望它可以让我抱抱呢。",5.967
ner0091,7,ねり,あーでも猫いいなあ。いいなあ猫。,啊<dash=2>但是猫真好啊。猫真好啊。,5.086
ner0092,7,ねり,"犬もいいけどね。
今日は猫ちゃん見たから猫派。","狗也不错。
可今天我看到了小猫，更喜欢猫。",4.023
ner0093,7,ねり,飼えないのは分かってるけどねー。,不过我知道自己养不了。,2.937
ner0094,7,ねり,"はあ。
でもさ、猫ちゃん助けてるとき、ちょっと期待しちゃった。","唉。
不过呢，救下小猫的时候，我稍微期待了一下。",5.448
ner0095,7,ねり,"あの猫ちゃんがカンペキにあたしに懐いちゃって、
離れようとしなくて、お母さんに隠れて飼うパターン。","我想象了一下“那只小猫完全黏上我了，
根本不愿意离开我，然后我就瞒着妈妈偷偷的养了”的场景。",7.468
ner0096,7,ねり,あーそれいい。それ最高。,啊<dash=2>想法不错。那样最棒了。,2.647
ner0097,7,ねり,むー。,呣<dash=2>。,1.695
ner0098,7,ねり,"飼いたかったなあ。
隠れて飼うのはこの部屋で出来るし。","我真的很想养啊。
要是在这个房间里就能偷偷养了。",5.083
ner0099,7,ねり,木に登ってるときね、もう名前まで考えてた。,爬上树的时候，我都帮它想好名字了。,3.582
ner0100,7,ねり,"ほら、真っ黒で、美人さんな猫ちゃんだったでしょ。
しゅってしてて。","你看，她全身都是黑的，而且还很美吧，
还一下就逃了。",5.325
ner0101,7,ねり,"それで、最初は『クロ』がいいと思ったけど、
もっとおしゃれな名前がいいと思ったの。","因此，一开始我觉得叫它“小黑”挺不错的，
但之后又觉得应该取个更加时尚的名字。",5.714
ner0102,7,ねり,だから、ノワール。,所以说，叫Noir。,1.971
ner0103,7,ねり,あの子の名前は、ノワールなの。,小猫的名字叫诺瓦。,2.516
ner0104,7,ねり,女の子の髪ってのはね、気安く触っちゃダメなんだから。,可不能这么轻易地碰女孩子的头发喔。,4.874
ner0105,9,ねり,ねえねえお兄ちゃん。,我说啊，哥哥。,1.709
ner0106,9,ねり,汽車の旅ってお尻痛くならないかな。,火车旅行…会不会坐得屁股痛啊。,4.353
ner0107,9,ねり,"かあ。
困ったなあ、ねり、お尻痛くなりやすいのよね。","啊。
那就麻烦了，我的屁股很容易坐疼啊。",6.857
ner0108,9,ねり,どうしようお兄ちゃん。,怎么办啊，哥哥。,2.364
ner0109,9,ねり,"ンも～甲斐性なしねえ。
こういうときは、俺のヒザに乗ればいいよベイビーでしょ。","真是的～真没出息啊。
这种时候，你应该说“坐在我的膝盖上就好了啦，宝贝”。",7.995
ner0110,9,ねり,お前のお尻は俺に任せろ！　でしょ。,“就把你的屁股交给我吧！”这样呢！,3.589
ner0111,9,ねり,頼りがいがないなあお兄ちゃんは。,哥哥真是不可靠啊。,2.76
ner0112,9,ねり,えっち。,真色。,0.684
ner0113,9,ねり,"はー、旅行、楽しみだけどドキドキするな～
どんな感じなんだろ。",哈——，旅行，感觉又期待又紧张啊～到底会是怎样的呢。,6.533
ner0114,9,ねり,楽しいといいね。,希望能玩得开心呢。,1.27
ner0115,9,ねり,"どんなところをまわるんだろ。
やっぱこう、異世界みたいなところがいいよね。
西部劇の世界とか。","会转到哪儿呢。
看来还是异世界之类的地方比较好啊。
再比如西部片的世界。",7.552
ner0116,9,ねり,あ、それそれ。それいい。,啊，就是那里。那里不错。,2.723
ner0117,9,ねり,"それでね、森の奥にはフェアリーとかがいて、
襲ってくるゴブリンをねりがやっつけて仲良くなってね。","然后呢，森林深处还有妖精一类的，
音理解决了袭来的哥布林之后和她们成为好朋友。",8.469
ner0118,9,ねり,森の奥の、そのまた深くに……。,森林深处，更深处……,3.403
ner0119,9,ねり,……。,……,1.132
ner0120,9,ねり,……うん。,……嗯。,0.802
ner0121,9,ねり,森の奥にはね、木で出来たおうちがあるの。,森林深处，有个用木头制成的家。,3.943
ner0122,9,ねり,"おうちには仲良しの家族が住んでいて。
みんな幸せにくらしていてね。","家里住着关系很和睦的一家人。
大家都幸福地生活在那里。",5.485
ner0123,9,ねり,でもそこの女の子は、ずっと病気がちなの。,可那里的女孩，体弱多病。,4.266
ner0124,9,ねり,身体が弱くてね。外を出歩くのも苦労するくらいで。,身体柔弱到出门走动都要大费周折。,4.846
ner0125,9,ねり,"お父さんもお母さんも心配してるけど、
その子はどんどん弱っていくの。","父亲和母亲都很担心她，
可女孩的身体还是日渐衰弱。",5.926
ner0126,9,ねり,"お父さんとお母さんはね、動物を食べるのが嫌だから
子供にもそういう食生活をするよう言うんだけど。","爸爸和妈妈都不愿意吃肉，
因此也禁止孩子食用动物肉。",8.56
ner0127,9,ねり,"成長期なのに栄養が足りないからだろうね。
骨は折れやすくて、病気に抵抗力もなくて。","或许她处于生长期营养不足导致的吧。
骨头脆弱，抵抗力低下到难以抵御疾病。",8.321
ner0128,9,ねり,"でもお父さんとお母さんは、お肉を食べないのは
いいこととしか思ってないから、
子供がどんどん弱っていっても不思議に思うばかりで。","可是爸爸和妈妈依旧觉得不吃肉才是好的，
孩子的身体日渐脆弱，
他们却觉得这是不可思议的事情。",11.331
ner0129,9,ねり,"あるとき女の子は、森のなかのどこかには
猫が開いたレストランがあるというお話を聞くの。","某一天，
女孩听说在森林的某个地方有一家由猫开的餐馆。",7.865
ner0130,9,ねり,"両親が言うから食べたことはないけれど、
一度で良いからお肉を食べてみたいと思っていた彼女は
そのお店を探そうとする。","因双亲的禁令导致女孩从未吃过肉，
但她想着哪怕仅一次也想尝尝肉的滋味，
因此她开始寻找那家店。",10.323
ner0131,9,ねり,弱った身体で、森へ入って。,她拖着脆弱的身体，走进了森林。,3.437
ner0132,9,ねり,でもやっぱり、お店は見付からなかった。,没有找到也在情理之中。,3.642
ner0133,9,ねり,"お店にはたどり着けない。
そして彼女には、家に帰るだけの体力もない。","她最终没能找到，
还耗尽了所有的体力。",6.971
ner0134,9,ねり,"なんとかご両親が探しに来てくれたんだけれど、
彼女はもう自分で動くことも出来なくなっててね。","女孩的双亲找到了她，
然而她已经动不了了。",8.48
ner0135,9,ねり,"言いつけを破った彼女は、
もうおうちから出してもらえなくなったの。","因为破坏了与父母的约定，
女孩再也无法踏出家门一步。",4.803
ner0136,9,ねり,"わたしのせいじゃない。
森にお化けがいて、さらわれたんだって言い訳したけど、
もう自由に外には出られなくなった。","女孩找借口说不是她的错，
是森林里的怪物将她拐了出去，
但依然没能改变父母的决定。",8.897
ner0137,9,ねり,そんな可哀想な女の子のおうちがあるの。,有一间房子，住着这样一位可怜的女孩。,4.617
ner0138,9,ねり,お兄ちゃん……。,哥哥……,0.821
ner0139,9,ねり,無理しないで、お兄ちゃん。,请不要逞强，哥哥。,2.413
ner0140,10,ねり,ねえねえお兄ちゃん。,喂喂哥哥。,1.365
ner0141,10,ねり,ひざまくらしてあげよっか。,要我给你膝枕么。,2.229
ner0142,10,ねり,ひーざーまーくーら。知らないの？,膝～枕～不知道吗？,3.403
ner0143,10,ねり,して欲しくない？,不想要吗？,1.739
ner0144,10,ねり,"なんかね、ものの本にあったのよ。
男の人って可愛い女の子にひざまくらされると、
元気が出るって。","好像书上有写的。
男生枕着可爱女孩子的大腿，
会变得精神起来。",8.384
ner0145,10,ねり,お兄ちゃんが前にやってたギャルゲー。,哥哥以前玩的美少女游戏。,2.611
ner0146,10,ねり,ねっ、やってあげる。,来，我做给你试试。,1.848
ner0147,10,ねり,"元気出るよ絶対。
ゲームが言ってたし、ねりはこんなに美少女。","绝对会精神起来的哦。
游戏里也这么说了，音理我又是这样的美少女。",5.836
ner0148,10,ねり,ほんとに～？,真的～？,1.555
ner0149,10,ねり,恥ずかしがらなくてもいいのに。,明明不用这么害羞的。,2.828
ner0150,10,ねり,ンもう。,真是的。,0.992
ner0151,10,ねり,"まあでも、欲しくなったらいつでも言ってね。
ねりがヒマなときはしてあげるから。","不过，真想要了就对我说哦。
音理我闲着的时候会做给你的。",5.781
ner0152,10,ねり,……。,……,1.705
ner0153,10,ねり,……。,……,1.194
ner0154,10,ねり,……くすっ。,……嘻嘻。,0.756
ner0155,10,ねり,元気になるでしょ。,这不就精神了嘛。,1.503
ner0156,11,ねり,……。,……,1.133
ner0157,11,ねり,えへ。,哎嘿。,0.636
ner0158,11,ねり,函館。,函馆。,0.924
ner0159,11,ねり,行ったことないけど、どんな街なの？,我没去过，那是怎样的一个地方啊？,2.796
ner0160,11,ねり,へえ。,是吗～,1.346
ner0161,11,ねり,涼しいのかな。,不知道凉不凉快。,1.536
ner0162,11,ねり,いいなあ……えへへ、今年の夏休み、行きたいな。,真好啊……嘿嘿，今年暑假真想去。,6.685
ner0163,11,ねり,うん。,嗯。,0.524
ner0164,11,ねり,……。,……,0.921
ner0165,11,ねり,そこにはね、可哀想な女の子がいるの。,在那里呢，有个很可怜的女孩子。,3.993
ner0166,11,ねり,"函館は、観光の街で。
観光客のお相手をしてれば家が困ることはなくて。","函馆是个旅游景点。
只要照顾好游客，家里就能过得殷实。",6.928
ner0167,11,ねり,"でもそれで養える子供は１人までなの。
お店を２個持てるほど恵まれた家はそんなにないの。","但这么做只能养一个孩子。
不是每个家庭都能有两家店铺的。",9.137
ner0168,11,ねり,"女の子は、その家の次女でね。
昔から実家の小料理屋を手伝ってきて。","女孩子是家里的老二。
小时候就在帮家里店铺打下手。",7.531
ner0169,11,ねり,"楽しんでたんだよそこでの生活は。
美人で評判で、お店じゃお客さんにちやほやされるし、
学校の部活でも主役ばっかり。","在那的生活还是挺开心的。
又漂亮，在店里又受客人们欢迎，
在学校的社团活动里也是主角。",10.677
ner0170,11,ねり,"でも高校生の時に、お姉ちゃんが結婚して、
お店はその旦那さんが継ぐことになって。","但是那女孩高中的时候，姐姐结婚了，
店铺也就过渡到了男方手里。",7.896
ner0171,11,ねり,将来どうするか、急に自由になったの。,对女孩子而言，未来的选项变多了，更自由了。,3.685
ner0172,11,ねり,"うん。
美人で、声もよく通ったから、演劇部じゃ一番人気。","嗯。
又漂亮，声音又大方，在戏剧社里相当有人气。",6.116
ner0173,11,ねり,"宙ぶらりんになって、自分には演劇があると思ってね。
なんとなく劇団を目指してみて。","她就变得犹豫不决起来，反正觉得自己有演戏这条路。
所以尝试朝着剧院发展。",7.198
ner0174,11,ねり,"そこでも上手くいってね。
主役の座をたくさん射止めて、色んなお仕事を頼まれて。","结果在剧团也风生水起。
出任了各种戏剧的主角，被委托了不少工作。",6.325
ner0175,11,ねり,東京の劇団にスカウトされて、上京して。,然后被东京的剧团挖走，来到了首都。,3.471
ner0176,11,ねり,"でも東京には、その子みたいに各地から集まってきた人が
いっぱいいっぱいいたの。","但是在东京，
和那女孩一样被挖过来的人太多了。",7.655
ner0177,11,ねり,才能はあったの。実力もあったの。,她有才能。她有实力。,3.393
ner0178,11,ねり,でもお仕事はなかったの。,但是没能得到工作。,2.045
ner0179,11,ねり,"結局スカウトしてくれた劇団にもいられなくなって。
でも、故郷の函館には帰りにくくて。","最后连挖走她的剧团也不要她了。
但是，也没脸回自己的故乡函馆。",8.025
ner0180,11,ねり,"東北の、東京と函館のちょうど中間あたりで
ぶらぶらしてたみたい。",结果现在在东京东北和函馆的交界处晃悠。,5.713
ner0181,11,ねり,実家のお店も上手くいってるわけじゃなかったみたい。,其实自家的生意也没多好。,3.338
ner0182,11,ねり,"お姉ちゃんやその旦那さんの
重荷にはなりたくなかったんだろうね。",是不想让自己成为姐姐与姐夫的包袱吧。,5.029
ner0183,11,ねり,……。,……,0.622
ner0184,11,ねり,……。,……,0.465
ner0185,11,ねり,ふふっ。,呵呵。,0.613
ner0186,11,ねり,迷惑なんかじゃないよねえ？,不是什么包袱吧？,1.972
ner0187,13,ねり,ねりのお部屋の合い鍵、お兄ちゃんにあげよっか。,要不音理把房间的备用钥匙给哥哥如何。,4.216
ner0188,13,ねり,"んふふー、
ねりに会いたくなったときいつでも来られるでしょ。","嗯哼哼，
这样想见音理的话就随时都可以见了。",5.207
ner0189,13,ねり,そんなもんとは何よ！,这种东西是什么意思嘛！,1.858
ner0190,13,ねり大,あ……それもそっか。,啊……这倒也是。,2.654
ner0191,13,ねり,へー、お兄ちゃん美術の学校出てるんだ～,嘿～，哥哥你上过艺校啊～,4.693
ner0192,13,ねり,"じゃあねりのこと描かせてあげてもいいよ。
可愛く描いてよね。","那就特别准许哥哥把音理画下来吧，
记得画可爱些。",5.523
ner0193,13,ねり,うぐぅ。,呜咕。,2.018
ner0194,13,ねり,"こんな感じでどう？
モデルさんって感じでしょ。","这样感觉如何？
有种模特的感觉对吧。",3.98
ner0195,13,ねり,"こーんなポーズでいい？
とびっきり可愛く描いてよね。","这个动作就行了吗？
记得把我画得超可爱。",4.978
ner0196,13,ねり,いいけど……なんか美人さんすぎて照れるから。,确实不错……但那也太漂亮了反而让音理有点害羞。,4.89
ner0197,13,ねり,ほれほれ～、モデルといえばヌードよね～,来嘛来嘛，说到模特当然就是裸体的啦～,4.65
ner0198,13,ねり,ふふーん、言っとくけど、コーフンしないでよお兄ちゃん。いくらねりの水着がセクスィーだからって。,哼哼~，可别因为穿泳衣性感热辣的音理而发情喔哥哥。,8.471
ner0199,13,ねり,えへへ、これだけねりみたいな可愛い子を描ければお兄ちゃんも満足でしょ。,嘿嘿，可以尽情地画音理这么可爱的女孩子，哥哥你也一定很满足了吧。,6.246
ner0200,13,ねり,よくゆーわ、嬉しそうな顔しちゃって。,真敢说啊，明明一脸那么高兴的样子。,3.839
ner0201,13,ねり,ふふ。,嘿嘿。,0.962
ner0202,13,ねり,……。,……,1.167
ner0203,13,ねり,ねえお兄ちゃん。,哥哥。,1.123
ner0204,13,ねり,ねり、お兄ちゃんの描いてくれる絵、好きだよ。,我很喜欢哥哥画的画喔。,4.396
ner0205,13,ねり,"なんていうか……キラキラしてるの。
宝石みたいなの。","该怎么说呢……闪闪发亮的。
好像宝石一样。",4.935
ner0206,13,ねり,だからね……絵を描くことを嫌いにならないで。,所以……千万不要讨厌画画呢。,4.274
ner0207,13,ねり,ねりならいつでもモデルになってあげるから。,需要的话音理随时都可以给你当模特。,3.125
ner0208,13,？？？,……探して。,……去找出来吧。,0.946
ner0209,13,？？？,心臓の中に……私が隠してある。探して。,我就藏在……心脏之中。找出来吧。,6.419
ner0210,13,？？？,翼の下を……。,就在翅膀之下……,1.389
ner0211,13,ねり,……あう。,……啊呜。,0.519
ner0212,13,ねり,あー……えと。,啊……那个。,2.96
ner0213,13,ねり,はは、見付かっちゃった。,哈哈，被发现了。,2.738
ner0214,13,ねり,だっけ。,是吗。,1.067
ner0215,13,ねり,……。,……,1.574
ner0216,13,ねり,っ。,！,1.009
ner0217,13,ねり,っ！,！,1.065
ner0218,13,ねり,くあ……。,呜啊……,0.736
ner0219,13,ねり,ひゃあっ！,呀！,0.549
ner0220,13,ねり,んにゃ……。,嗯喵……,2.839
ner0221,13,ねり,びゃー！,呀<dash=2>！,1.178
ner0222,13,ねり,お、お兄ちゃん大丈夫！？,哥、哥哥，你没事吧！？,2.84
ner0223,13,ねり,う、うん、大丈夫。,嗯、嗯，我没事。,2.41
ner0224,13,ねり,ふぅう……びっくりした。,呼……吓我一跳。,3.289
ner0225,13,ねり,あは、ごめん。,啊哈，抱歉。,2.315
ner0226,13,ねり,"見られちゃいけないから……見付かったら
危ないかもしれないから。","因为不能被看到……
被找到可能会很危险。",7.013
ner0227,13,ねり,んぅ……ああ、そうだね、この辺り。,嗯……喔，确实，就在这附近。,4.216
ner0228,13,ねり,"ていうかいま事故にはあってるんだけど？
誰かさんにホールドされて。","话说其实现在也发生了事故吧？
被某个人锁得紧紧的。",7.651
ner0229,13,ねり,まったくもう。,真是的。,1.716
ner0230,13,ねり,……。,……,1.237
ner0231,13,ねり,えいっ。,嘿。,0.574
ner0232,13,ねり,お兄ちゃん……お兄ちゃんだ。,哥哥……是哥哥。,2.647
ner0233,13,ねり,はふぅ。,哈呼～,1.663
ner0234,13,ねり,……。,……,1.623
ner0235,13,ねり,えへへへへ。,嘿嘿嘿嘿。,1.84
ner0236,13,ねり,うん。,嗯。,0.763
ner0237,13,ねり,かも。,大概吧。,0.641
ner0238,13,ねり,……引く？,……吓到了？,1.036
ner0239,13,ねり,～,～,1.832
ner0240,13,ねり,こ、こら。子供扱いしないで。,喂、喂，不许把我当小孩子对待。,3.264
ner0241,13,ねり,"うん。
気付いて欲しかったけど、出て行くのは怖かったから。","嗯。
希望你察觉到，可又不敢出去。",4.817
ner0242,13,ねり,これを探して欲しくて。,就想着让你来找这个东西。,2.147
ner0243,13,ねり,お兄ちゃんがねりを思い出すのは……まずこれかなって。,因为最容易让哥哥想起音理的……就是它了吧。,4.543
ner0244,13,ねり,そうなの？,是吗？,1.369
ner0245,13,ねり,なうっ。,啊呜。,1.112
ner0246,13,ねり,な、なに急に。口説いてる？,干、干嘛冷不丁的。打算泡我吗？,4.246
ner0247,13,ねり,え……気付いてたの？,哎……你发现了吗？,2.311
ner0248,13,ねり,よく気付いたね。意識なくしてたと思った。,真亏你能发现啊。还以为都失去意识了呢。,3.656
ner0249,13,ねり,ん……。,嗯……,0.945
ner0250,13,ねり,えっち。,好色。,0.683
ner0251,13,ねり,スケブを置いたのはねり……だけど。,放写生本的确实是音理……不过。,3.371
ner0252,13,ねり,"お兄ちゃん、絵柄変わった？
なんかコレ怖いよ？","哥哥你的画风是不是变了？
总觉得有点可怕啊？",4.552
ner0253,13,ねり,"これなんの絵なの？
猫の化け物？","这画的是什么啊？
猫妖？",3.376
ner0254,13,ねり,ノワール……。,诺瓦……,1.348
ner0255,13,ねり,夜羽真白？,夜羽真白？,1.207
ner0256,13,ねり,……。,……,1.19
ner0257,13,ねり,いくらなんでもコレはひどいよ。,再怎么说也太难看了吧。,2.96
ner0258,13,ねり,"そりゃ襲われて怖い目にあったのは分かるけど、
女の子をこんな化け物みたいに描くなんて。","被袭击了以后确实会觉得害怕，
但也不该把女生画成怪物吧。",6.797
ner0259,13,ねり,……。,……,1.642
ner0260,13,ねり,知ってる……ううん。知ってるとはちがうかな。,我认识……不，这个说法不对。,5.182
ner0261,13,ねり,理解してる。あの子のことは。,我理解她。,3.211
ner0262,13,ねり,あの子は、ねりと同じなの。,那个女孩和音理一样。,2.719
ner0263,13,ねり,"お母さんが大好きで……だからお母さんの言うことは
正しいと思ってて。","非常非常喜欢妈妈……
所以认为妈妈说的话就是正确的。",5.928
ner0264,13,ねり,それでお母さんに嫌われるのが怖いの。,便害怕起被妈妈讨厌。,3.746
ner0265,13,ねり,……。,……,2.909
ner0266,13,ねり,でもね、お兄ちゃん。,不过啊，哥哥。,2.139
ner0267,13,ねり,えと……去年のクリスマスのこと、覚えてる？,嗯……你还记得去年的圣诞节吗？,4.436
ner0268,13,ねり,うん。,嗯。,0.462
ner0269,13,ねり,"あの日ね、ねり、お母さんに電話して。
それでお母さんから、お兄ちゃんのところには
行くなって言われてたの。","那天音理和妈妈打了电话。
然后妈妈告诉音理，不许到哥哥那里去。",8.353
ner0270,13,ねり,"お兄ちゃんは都合があるかもだし、邪魔になるとか、
色々言われて……。","哥哥你有自己的事要做，不能打扰你之类的，
说了好多理由……",5.4
ner0271,13,ねり,でもねりはあの日のこと後悔してない。,但音理还是没有后悔那天所做的事。,3.63
ner0272,13,ねり,"お母さんの言うこと聞かなくて、よかったと思う。
お兄ちゃんと一緒にクリスマスを過ごせたこと。
絶対に正しかったと思う。","觉得还好没有听妈妈的话。
和哥哥一起过了圣诞节，
这绝对是正确的。",9.762
ner0273,13,ねり,お兄ちゃんに迷惑かけて正しかったと思う。,给哥哥添麻烦是正确的。,3.378
ner0274,13,ねり,うん。,嗯。,0.396
ner0275,13,ねり,あの子にもそう思って欲しいの。,我希望她也能有这样的想法。,2.809
ner0276,13,ねり,……もう時間がないみたい。逃げなくちゃ。,……看来已经没时间了。得赶紧逃了。,3.199
ner0277,13,ねり,お兄ちゃん。,哥哥。,0.841
ner0278,13,ねり,……。,……,1.215
ner0279,13,ねり,"忘れないで。
ねりのここは、もうあの子のものだけど。","不要忘记了。
音理的这里已经属于她……",6.019
ner0280,13,ねり大,ねりのハートは、お兄ちゃんのものだからね。,但音理的心，永远只属于哥哥。,4.253
ner0281,13,ねり,"ずっと見守ってる。
出来るところまでは、ねりがお兄ちゃんを守ってあげる。","我一直都会守望着你。
今后也会尽可能地保护哥哥的。",6.498
ner0282,13,ねり,だからあの子を助けてあげて。,所以，帮帮她吧。,3.283
ner0283,14,ねり,コラァ！（すぱーん！）,混蛋！,0.907
ner0284,14,ねり,"なにやってるのお兄ちゃん。
女の子泣かせて、そのまま逃げるなんて。","你在干什么啊哥哥。
居然把女孩子弄哭，然后又逃走了。",4.773
ner0285,14,ねり,ここではいいの。,在这里就没问题。,1.3
ner0286,14,ねり,かもね。,大概吧。,0.736
ner0287,14,ねり,……。,……,1.528
ner0288,14,ねり,ねりが会いたいから会えてるんだよ。,因为音理想见你，所以就才能见面的。,2.869
ner0289,14,ねり,いまは説教しに来たけどね。,当然，这次是来训你的。,2.282
ner0290,14,ねり,"落ち込んでるヒマなんてないない。
真白ちゃん、あれからずっと泣いてるんだから。","现在没空给你消沉了。
那之后真白可一直在哭。",5.696
ner0291,14,ねり,"あの……カルハ？　ちゃん？
あの子が必死で慰めてて、なんとか落ち着いてきたけど。","那女孩是叫狩叶来着吧？
她一直在拼命安慰，现在好不容易才冷静下来了。",7.64
ner0292,14,ねり,"お兄ちゃんが泣かせたんだよ。
なんとかしなきゃ。","不过是哥哥你把她弄哭的。
你也要有所表示才行。",3.526
ner0293,14,ねり,"ジェントルメンがレディを慰める方法なんて
古来からひとつだけでしょ。","绅士安慰女士的方法，
自古以来就只有一种。",5.03
ner0294,14,ねり,"やあお嬢さん、ちょいと誤解があったけれど、
それより一緒に踊りませんか。","这位大小姐，刚才似乎发生了一点误会。
那么可以与我共舞一曲吗？",5.009
ner0295,14,ねり,ん～、ちゅっ♪,嗯～，啾♪,1.343
ner0296,14,ねり,みたいな。,这样。,0.853
ner0297,14,ねり,それは……仕方ないと思うけど。,这……我也能理解就是了。,3.282
ner0298,14,ねり,再利用できるならいいと思ってるよ。,我倒觉得自己的心脏能派上用场是好事。,2.616
ner0299,14,ねり,ん……。,嗯……,0.386
ner0300,14,ねり,……。,……,1.229
ner0301,14,ねり,それじゃダメ。,这样不行。,1.025
ner0302,14,ねり,"効率的とか……わたしが言ってるとか。
そんなんじゃダメ。","比较有效率……还有我说没关系之类的，
这些是不行的。",4.197
ner0303,14,ねり,"それじゃあ最後には耐えられない。
あの子の、もっと辛いことに耐えられない。","这样她撑不到最后的。
她会忍受不住更加令人痛苦的事。",5.982
ner0304,14,ねり,一番辛いことはこれから起きるから。,因为最痛苦的事接下来才要发生。,3.627
ner0305,14,ねり,"いまのあの子は、
黒猫のノワールに逃がしてもらってるだけ。
辛い現実から、逃げ場へ導いてもらってるだけ。","现在的她只是变成了黑猫诺瓦来逃避。
只是躲在那里逃避严酷的现实而已。",8.155
ner0306,14,ねり,でもいつかは戻らなきゃいけないの。,但总有一天必须回去。,2.852
ner0307,14,ねり,終点が来る前に、戻らなきゃいけない。,在终点到来之前，必须回去。,3.104
ner0308,14,ねり,もうほとんど時間がないの。,已经没什么时间了。,1.992
ner0309,14,ねり,"お兄ちゃんも見てるでしょ。
真白ちゃんはお母さんが大好きだって。","哥哥你也看到了吧。
真白非常喜欢自己的妈妈。",5.073
ner0310,14,ねり,"お母さんが生きるべきじゃないって思えば
生きることにも自信がない子だって。",如果她都觉得妈妈不该生下她，那她连活着的信心都没有了。,5.459
ner0311,14,ねり,触れただけで生きることが弱まっちゃうくらいに。,以至于光是触摸就会令人的生命变得虚弱。,3.816
ner0312,14,ねり,お兄ちゃんにはそこから救い出してほしいの。,希望哥哥你能将她从那里拯救出来。,3.949
ner0313,14,ねり,お兄ちゃんなら出来る……でしょ？,哥哥你一定做得到……对吧？,2.989
ner0314,14,ねり,自信ないなあって顔しないの。,不许一脸气馁。,2.36
ner0315,14,ねり,うん。,嗯。,0.814
ner0316,14,ねり,うんっ。,嗯。,0.409
ner0317,14,ねり大,……。,……,1.309
ner0318,14,ねり,これが最後のお話。,这是最后一个故事。,1.758
ner0319,14,ねり,可哀想な男の子のお話。,一个可怜的男生的故事。,2.604
ner0320,14,ねり,その子が生まれたのは、海の真ん中にある小さな島でね。,那孩子出生于大海正中央的一个小岛。,5.473
ner0321,14,ねり,賑わってるけど静かで、住み心地はいいんだけど。,那是个热闹又安静的地方，住起来很舒服。,4.888
ner0322,14,ねり,"でも周りの大人やテレビの人は、本州とはちがう。
不便だって口癖のように言ってて。","但周围的大人和电视里的人，
总是把“这里和本州不一样”“真不方便啊”挂在嘴边。",7.717
ner0323,14,ねり,"だからその子はずっと本州に憧れてたの。
大学は絶対に本州、できれば東京に通おうって。","所以那孩子一直憧憬着本州。
想着一定要去本州，最好能到东京去上大学。",8.898
ner0324,14,ねり,"とくにその子は汽車が好きで、島の中にはなかったから、
線路の上を走る電車に憧れてた。","他非常喜欢火车。憧憬着岛上所没有的，
在铁轨上疾驰的电车。",7.673
ner0325,14,ねり,"大人になって憧れの東京に住みだしたけど、でも、
そこにその子の憧れはなかった。","长大成人之后，他如愿以偿来到了东京生活。但是，
那里并没有他所憧憬的那些东西。",8.513
ner0326,14,ねり,東京の生活は息苦しくて。仕事も辛くて。,东京的生活过得很憋屈。工作也很艰难。,4.738
ner0327,14,ねり,"その子は必死で適応しようと言葉の訛りを直したり。
顔を整形までしたんだけど。","为了适应东京的生活，他拼命改掉了自己的乡音，
甚至还去做了整容。",7.424
ner0328,14,ねり,でもやっぱり島の、のんびりした暮らしはそこになかった。,但那里的生活始终无法像小岛上那样悠闲舒适。,5.055
ner0329,14,ねり,"とくに辛いのは仕事。
仕事の、人間関係。","最辛苦的是工作。
工作方面的人际关系。",5.149
ner0330,14,ねり,"現場と役所の間をつなぐ仕事だから、
どちらからも文句ばかり言われて、傷ついて。","因为是充当现场和办公室沟通窗口的工作，
所以总是被双方责备个不停，因此而受伤。",7.342
ner0331,14,ねり,……。,……,0.625
ner0332,14,ねり,でもね。,不过。,0.628
ner0333,14,ねり,その人が何よりも可哀想なのは……。,那个人最可怜的地方是……,3.494
ner0334,14,ねり,みんなとちがうことなの。,他和大家不同。,1.925
ner0335,14,ねり,夢だった汽車に乗れたのに、みんなとちがう。,虽然坐上了梦想中的火车，但他还是和别人不一样。,4.058
ner0336,14,ねり,"その人だけは気付いてるの。
一番辛いことに。","只有他察觉到了。
最令人痛苦的事是什么。",4.269
ner0337,14,ねり,"だから夢だった汽車に乗れても、みんなみたいに
楽しめてないの。","所以即使坐上了梦想中的火车，
也没法像其他人那样去享受。",5.076
ner0338,14,ねり,可哀想な男の子の物語。,这样一个可怜的男生的故事。,3.297
ner0339,15,ねり,それじゃダメ。,这样不行。,1.244
ner0340,15,ねり,一番辛いことに耐えられない。,她会忍受不住最令人痛苦的事。,2.912
ner0341,15,ねり,ほんとだよ。,就是啊。,1.271
ner0342,15,ねり,"お兄ちゃん、ねりが最後に見たときより
ちょっと太ってるんだもん。",哥哥变得比音理最后一次见面时要胖了呢。,5.008
ner0343,15,ねり,ンもう、もっとカッコよくしててよね。,真是的，不要把自己弄得这么狼狈啊。,3.561
ner0344,15,ねり,……。,……,0.783
ner0345,15,ねり,ねりのせいかな。,是因为音理吗。,1.749
ner0346,15,ねり,"ねりのせいでお兄ちゃん、お酒に頼るようになって、
それで……。","因为音理，哥哥才沉溺于酒精之中，
所以才……",5.708
ner0347,15,ねり,……ンもう。,……真是的。,1.278
ner0348,15,ねり,ドナー登録、したんだ。,你当了器官捐献者啊。,2.503
ner0349,15,ねり,えらいね。,真伟大。,0.799
ner0350,15,ねり,ふふっ。,嘿嘿。,1.213
ner0351,15,ねり,お兄ちゃん。,哥哥。,0.788
ner0352,15,ねり,みたい。,好像是这样。,0.671
ner0353,15,ねり,っ！？,！？,0.552
ner0354,15,ねり,い、言うことって。ねりはただ。,什、什么不听话，音理只是……,3.019
ner0355,15,ねり,っ。,！,0.41
ner0356,15,ねり,痛……っ、あ、あううう。,好疼……啊、啊呜呜呜。,4.021
ner0357,15,ねり,あう、う、痛い……ぃ。,啊呜、呜，好疼……,4.23
ner0358,15,ねり,う……ううう。,呜……呜呜呜。,3.146
ner0359,16,ねり,燃料は足りてるから大丈夫。,燃料已经够了，没问题。,2.253
ner0360,16,ねり,任せて、ねり、ここの専門家だから。,交给我吧，音理我可是行家。,3.227
ner0361,16,ねり,"ようするに……このくすぶってる火を、
なんとかもう一度汽車に伝わるくらいの
大きさにすればいいと思う。","简单来说……就是想办法让这奄奄一息的火，
再次变得能够驱动火车那么大就行了。",6.768
ner0362,16,ねり,火ぃつけるよー。,开始点火了喔<dash=2>。,1.606
ner0363,16,ねり,もうイケるっぽいよ。,好像已经可以了喔。,1.531
ner0364,16,ねり,あはっ、いたんだノワール、久しぶりー。,啊哈，诺瓦你在这啊，好久不见。,3.649
ner0365,16,ねり大,……。,……,0.952
ner0366,16,ねり,すわってとぉ。,好啦。,2.039
ner0367,16,ねり,えと、夜羽真白、ちゃん。,那个，夜羽真白。,3.287
ner0368,16,ねり,あ、分かるかな。風又ねりです。初めまして。,啊，认识我吗。我是风又音理。初次见面。,5.474
ner0369,16,ねり,いやー使い道なかったから、気にしないで。,没事，反正我拿着也没用，你别在意。,3.989
ner0370,16,ねり,それよりさ、あなたノワールって名前なのよね。,话说回来啊，你的名字是诺瓦吧。,4.023
ner0371,16,ねり,あれ、どうして？,那是怎么回事？,1.248
ner0372,16,ねり,おしゃれだからでしょ！,这就是时尚吧！,1.469
ner0373,16,ねり,"おしゃれだからだよねー、ねー、
ノワールっていい名前だもん。
つけた人のセンスが現れてるっていうかさ、うんうん。","这就是时尚对吧，
诺瓦真是个好名字啊。
可以体现取名人的品味，嗯嗯。",9.706
ner0374,16,ねり,聞いてるお兄ちゃん！？　ねりのおしゃれさを！,听到了吗哥哥！？　音理我可是很时尚的！,3.144
ner0375,16,ねり,"うん、よし、まああなたのことあまり知らないけど、
ねりと同じセンスがある側ってことは分かったし。","嗯，好，虽然对你不是很了解，
但你肯定和我一样有品味。",8.35
ner0376,16,ねり,"これならねりの心臓あげちゃってよし。
これからもセンスのいい使い方してね。","既然如此，我的心脏给你也可以。
接下来也请保持品味地使用它。",5.561
ner0377,16,ねり,うんうん、これで満足だ。,嗯嗯，这样我就满足了。,2.777
ner0378,16,ねり,行こっ、ノワール。,走吧，诺瓦。,1.26
ner0379,17,ねり,ねえねえお兄ちゃん。,我说哥哥啊。,1.781
ner0380,17,ねり,次の駅、まだつかないかなあ。,还没到下一个站吗。,3.221
ner0381,17,ねり,んー、この景色も飽きてきた。,嗯<dash=2>这里的风景我已经看腻了。,3.387
ner0382,17,ねり,次の駅ってどんなのになるんだろ。,不知道下一站会是怎样呢。,2.666
ner0383,17,ねり,"真白ちゃんが行ったところなら、あたしらも
行ったことになるからね。","真白要去的话，
等于我们也会去了呢。",4.395
ner0384,17,ねり,"んー、なんか他にやることないかな。
絵でも描いてよっか……。","嗯<dash=2>没有什么事可以做吗。
我去画会儿画吧……",5.621
ner0385,17,ねり,あ、そうそう。似顔絵と言えば。,啊，对了。说到肖像画。,3.332
ner0386,17,ねり,あの子、カルハちゃん？　だっけ。,她是叫做狩叶来着？,3.026
ner0387,17,ねり,"あの子どうなっちゃったんだろ。
ここにはいないみたいだけど。","她怎么了呢。
好像不在这里的样子。",3.949
ner0388,17,ねり,どうして乗客じゃなく車掌なんだろ？,为什么不是乘客而是乘务员呢？,2.777
ner0389,17,ねり,？,？,0.479
ner6000,,,,,2.076
ner6001,,,,,4.756
ner6002,,,,,5.992
ner6003,,,,,4.257
ner6004,,,,,9.952
ner6005,,,,,7.239
ner6006,,,,,4.241
ner6007,,,,,8.514
ner6008,,,,,7.705
ner6009,,,,,8.905
ner6010,,,,,5.703
ner6011,,,,,6.204
ner6012,,,,,1.492
ner6013,,,,,10.406
ner6013_b,,,,,1.153
ner6014,,,,,3.755
